INSERT INTO users (username, password, first_name, last_name, email, is_admin) -- password = 'password'
VALUES ('testuser',
        '$2b$12$AZH7virni5jlTTiGgEg4zu3lSvAw68qVEfSIOjJ3RqtbJbdW/Oi5q',
        'Test',
        'User',
        'jackie@CVNA.com',
        FALSE),
       ('testadmin',
        '$2b$12$AZH7virni5jlTTiGgEg4zu3lSvAw68qVEfSIOjJ3RqtbJbdW/Oi5q',
        'Test',
        'Admin!',
        'jim@CVNA.com',
        TRUE);



INSERT INTO advocate (first_name, last_name, email, hire_date, milestone, current_milestone_start_date, team_lead, manager)
VALUES ('Yvon', 'Allatt', 'yallatt0@CVNA.com', '2019-12-19', 'M4', '2020-04-18','Eileen Fronde', 'Marge Ash'),
('Iain', 'Fochs', 'ifochs1@CVNA.com', '2019-12-30', 'M5', '2020-04-26','Jane Doe', 'Tom Class'),
('Ethan', 'Methley', 'emethley2@CVNA.com', '2019-11-26', 'M1', '2020-01-22','Jane Doe','Marge Ash'),
('Teodor', 'Loghan', 'tloghan3@CVNA.com', '2019-12-19', 'M1', '2020-08-20','Bob Smith','Marge Ash'),
('Wernher', 'Ary', 'wary4@CVNA.com', '2019-12-17', 'M2', '2020-02-07','Bob Smith','Marge Ash'),
('Yvon', 'Greenshields', 'ygreenshields5@CVNA.com', '2019-12-26', 'M1', '2020-06-18','Rod Jones','Tom Class'),
('Caren', 'Duddin', 'cduddin6@CVNA.com', '2019-12-12', 'M3', '2020-06-03','Rod Jones','Tom Class'),
('Mellisent', 'Ovise', 'movise7@CVNA.com', '2019-12-27', 'M1', '2020-04-03','Rod Jones','Tom Class'),
('Mic', 'Kiddey', 'mkiddey8@CVNA.com', '2019-11-30', 'M5', '2020-08-11','Bob Smith','Tom Class'),
('Fredek', 'Cosbee', 'fcosbee9@CVNA.com', '2019-12-21', 'M3', '2020-09-01','Bob Smith','Marge Ash'),
('Leone', 'Nanni', 'lnannia@CVNA.com', '2019-12-12', 'M1', '2020-08-19','Bob Smith','Tom Class'),
('Shirl', 'Yurchenko', 'syurchenkob@CVNA.com', '2019-12-23', 'M1', '2020-09-30','Jane Doe','Tom Class'),
('Sonja', 'Griffe', 'sgriffec@CVNA.com', '2019-12-12', 'M5', '2020-04-01','Bob Smith','Marge Ash'),
('Marsha', 'Chatband', 'mchatbandd@CVNA.com', '2019-12-11', 'M1', '2020-01-25','Rod Jones','Tom Class'),
('Maurise', 'Simoncello', 'msimoncelloe@CVNA.com', '2019-12-14', 'M5', '2020-06-09','Rod Jones','Marge Ash'),
('Silva', 'Machent', 'smachentf@CVNA.com', '2019-12-29', 'M3', '2020-01-11','Bob Smith','Tom Class'),
('Carla', 'Zaniolini', 'czaniolinig@CVNA.com', '2019-12-02', 'M4', '2020-04-12','Jane Doe','Tom Class'),
('Sam', 'Adamovicz', 'sadamoviczh@CVNA.com', '2019-12-25', 'M4', '2020-08-28','Rod Jones','Marge Ash'),
('Amy', 'Isakovitch', 'aisakovitchi@CVNA.com', '2019-12-04', 'M3', '2020-05-08','Rod Jones','Marge Ash'),
('Cristionna', 'Bettridge', 'cbettridgej@CVNA.com', '2019-12-15', 'M1', '2020-06-27','Eileen Fronde','Tom Class'),
('Eddie', 'Harses', 'eharsesk@CVNA.com', '2019-12-23', 'M2', '2020-11-28','Eileen Fronde','Tom Class'),
('Mollee', 'Woodthorpe', 'mwoodthorpel@CVNA.com', '2019-12-24', 'M2', '2020-07-01','Rod Jones','Tom Class'),
('Jenna', 'Wasbrough', 'jwasbroughm@CVNA.com', '2019-12-13', 'M4', '2020-08-12','Bob Smith','Marge Ash'),
('Amabel', 'Stockwell', 'astockwelln@CVNA.com', '2019-12-12', 'M5', '2020-08-20','Bob Smith','Tom Class'),
('Paton', 'Plumb', 'pplumbo@CVNA.com', '2019-12-18', 'M1', '2020-09-10','Rod Jones','Marge Ash');


INSERT INTO skill_types (skill_id, skill_name) 
VALUES 
  (1, 'DL Only'),
  (2, 'General'),
  (3, 'Cash'),
  (4, 'Plaid'),
  (5, 'Proof Of Residency'),
  (6, 'Proof Of ID'),
  (7, 'Income'),
  (8, 'Proof Of Employment'),
  (9, 'Third Party'),
  (10, 'Pre-Fi'),
  (11, 'WMU'),
  (12, 'Complex'),
  (13, 'Trade'),
  (14, 'Cash In Advanced'),
  (15, 'Direct Delivery'),
  (16, 'Swap'),
  (17, 'RTA'),
  (18, 'New York'),
  (19, 'HR'),
  (20, 'HRTT'),
  (21, 'Red Flags'),
  (22, 'Opp Ops'),
  (23, 'Insurance'),
  (24, 'Funds');

INSERT INTO skills (advocate_id, skill_id)
VALUES 
  (3, 1),
  (3, 2),
  (3, 3),
  (3, 4),
  (3, 5),
  (3, 6),
  (3, 7),
  (3, 8),
  (3, 13),
  (3, 21),
  (3, 22),
  (3, 23),
  (3, 24),
  (4, 1),
  (4, 2),
  (4, 3),
  (4, 4),
  (4, 5),
  (4, 6),
  (4, 7),
  (4, 8),
  (4, 13),
  (4, 21),
  (4, 22),
  (4, 23),
  (4, 24),
  (6, 1),
  (6, 2),
  (6, 3),
  (6, 4),
  (6, 5),
  (6, 6),
  (6, 7),
  (6, 8),
  (6, 13),
  (6, 21),
  (6, 22),
  (6, 23),
  (6, 24),
  (8, 1),
  (8, 2),
  (8, 3),
  (8, 4),
  (8, 5),
  (8, 6),
  (8, 7),
  (8, 8),
  (8, 13),
  (8, 21),
  (8, 22),
  (8, 23),
  (8, 24),
  (11, 1),
  (11, 2),
  (11, 3),
  (11, 4),
  (11, 5),
  (11, 6),
  (11, 7),
  (11, 8),
  (11, 13),
  (11, 21),
  (11, 22),
  (11, 23),
  (11, 24),
  (12, 1),
  (12, 2),
  (12, 3),
  (12, 4),
  (12, 5),
  (12, 6),
  (12, 7),
  (12, 8),
  (12, 13),
  (12, 21),
  (12, 22),
  (12, 23),
  (12, 24),
  (14, 1),
  (14, 2),
  (14, 3),
  (14, 4),
  (14, 5),
  (14, 6),
  (14, 7),
  (14, 8),
  (14, 13),
  (14, 21),
  (14, 22),
  (14, 23),
  (14, 24),
  (20, 1),
  (20, 2),
  (20, 3),
  (20, 4),
  (20, 5),
  (20, 6),
  (20, 7),
  (20, 8),
  (20, 13),
  (20, 21),
  (20, 22),
  (20, 23),
  (20, 24),
  (25, 1),
  (25, 2),
  (25, 3),
  (25, 4),
  (25, 5),
  (25, 6),
  (25, 7),
  (25, 8),
  (25, 13),
  (25, 21),
  (25, 22),
  (25, 23),
  (25, 24),
  (5, 1),
  (5, 2),
  (5, 5),
  (5, 6),
  (5, 7),
  (5, 8),
  (5, 13),
  (5, 21),
  (5, 22),
  (5, 23),
  (5, 24),
  (5, 3),
  (5, 4),
  (5, 15),
  (5, 9),
  (21, 1),
  (21, 2),
  (21, 5),
  (21, 6),
  (21, 7),
  (21, 8),
  (21, 13),
  (21, 21),
  (21, 22),
  (21, 23),
  (21, 24),
  (21, 3),
  (21, 4),
  (21, 15),
  (21, 9),
  (22, 1),
  (22, 2),
  (22, 5),
  (22, 6),
  (22, 7),
  (22, 8),
  (22, 13),
  (22, 21),
  (22, 22),
  (22, 23),
  (22, 24),
  (22, 3),
  (22, 4),
  (22, 15),
  (22, 9),
  (7, 1),
  (7, 2),
  (7, 5),
  (7, 6),
  (7, 7),
  (7, 8),
  (7, 13),
  (7, 21),
  (7, 22),
  (7, 23),
  (7, 24),
  (7, 3),
  (7, 4),
  (7, 15),
  (7, 9),
  (7, 10),
  (7, 16),
  (7, 17),
  (7, 18),
  (10, 1),
  (10, 2),
  (10, 5),
  (10, 6),
  (10, 7),
  (10, 8),
  (10, 13),
  (10, 21),
  (10, 22),
  (10, 23),
  (10, 24),
  (10, 3),
  (10, 4),
  (10, 15),
  (10, 9),
  (10, 10),
  (10, 16),
  (10, 17),
  (10, 18),
  (16, 1),
  (16, 2),
  (16, 5),
  (16, 6),
  (16, 7),
  (16, 8),
  (16, 13),
  (16, 21),
  (16, 22),
  (16, 23),
  (16, 24),
  (16, 3),
  (16, 4),
  (16, 15),
  (16, 9),
  (16, 10),
  (16, 16),
  (16, 17),
  (16, 18),
  (19, 1),
  (19, 2),
  (19, 5),
  (19, 6),
  (19, 7),
  (19, 8),
  (19, 13),
  (19, 21),
  (19, 22),
  (19, 23),
  (19, 24),
  (19, 3),
  (19, 4),
  (19, 15),
  (19, 9),
  (19, 10),
  (19, 16),
  (19, 17),
  (19, 18),
  (1, 1),
  (1, 2),
  (1, 5),
  (1, 6),
  (1, 7),
  (1, 8),
  (1, 13),
  (1, 21),
  (1, 22),
  (1, 23),
  (1, 24),
  (1, 3),
  (1, 4),
  (1, 15),
  (1, 9),
  (1, 10),
  (1, 16),
  (1, 17),
  (1, 18),
  (1, 14),
  (1, 19),
  (1, 20),
  (17, 1),
  (17, 2),
  (17, 5),
  (17, 6),
  (17, 7),
  (17, 8),
  (17, 13),
  (17, 21),
  (17, 22),
  (17, 23),
  (17, 24),
  (17, 3),
  (17, 4),
  (17, 15),
  (17, 9),
  (17, 10),
  (17, 16),
  (17, 17),
  (17, 18),
  (17, 14),
  (17, 19),
  (17, 20),
  (18, 1),
  (18, 2),
  (18, 5),
  (18, 6),
  (18, 7),
  (18, 8),
  (18, 13),
  (18, 21),
  (18, 22),
  (18, 23),
  (18, 24),
  (18, 3),
  (18, 4),
  (18, 15),
  (18, 9),
  (18, 10),
  (18, 16),
  (18, 17),
  (18, 18),
  (18, 14),
  (18, 19),
  (18, 20),
  (23, 1),
  (23, 2),
  (23, 5),
  (23, 6),
  (23, 7),
  (23, 8),
  (23, 13),
  (23, 21),
  (23, 22),
  (23, 23),
  (23, 24),
  (23, 3),
  (23, 4),
  (23, 15),
  (23, 9),
  (23, 10),
  (23, 16),
  (23, 17),
  (23, 18),
  (23, 14),
  (23, 19),
  (23, 20),
  (2, 1),
  (2, 2),
  (2, 5),
  (2, 6),
  (2, 7),
  (2, 8),
  (2, 13),
  (2, 21),
  (2, 22),
  (2, 23),
  (2, 24),
  (2, 3),
  (2, 4),
  (2, 15),
  (2, 9),
  (2, 10),
  (2, 16),
  (2, 17),
  (2, 18),
  (2, 14),
  (2, 19),
  (2, 20),
  (2, 12),
  (9, 1),
  (9, 2),
  (9, 5),
  (9, 6),
  (9, 7),
  (9, 8),
  (9, 13),
  (9, 21),
  (9, 22),
  (9, 23),
  (9, 24),
  (9, 3),
  (9, 4),
  (9, 15),
  (9, 9),
  (9, 10),
  (9, 16),
  (9, 17),
  (9, 18),
  (9, 14),
  (9, 19),
  (9, 20),
  (9, 12),
  (13, 1),
  (13, 2),
  (13, 5),
  (13, 6),
  (13, 7),
  (13, 8),
  (13, 13),
  (13, 21),
  (13, 22),
  (13, 23),
  (13, 24),
  (13, 3),
  (13, 4),
  (13, 15),
  (13, 9),
  (13, 10),
  (13, 16),
  (13, 17),
  (13, 18),
  (13, 14),
  (13, 19),
  (13, 20),
  (13, 12),
  (15, 1),
  (15, 2),
  (15, 5),
  (15, 6),
  (15, 7),
  (15, 8),
  (15, 13),
  (15, 21),
  (15, 22),
  (15, 23),
  (15, 24),
  (15, 3),
  (15, 4),
  (15, 15),
  (15, 9),
  (15, 10),
  (15, 16),
  (15, 17),
  (15, 18),
  (15, 14),
  (15, 19),
  (15, 20),
  (15, 12),
  (24, 1),
  (24, 2),
  (24, 5),
  (24, 6),
  (24, 7),
  (24, 8),
  (24, 13),
  (24, 21),
  (24, 22),
  (24, 23),
  (24, 24),
  (24, 3),
  (24, 4),
  (24, 15),
  (24, 9),
  (24, 10),
  (24, 16),
  (24, 17),
  (24, 18),
  (24, 14),
  (24, 19),
  (24, 20),
  (24, 12);








