INSERT INTO users (username, password, first_name, last_name, email, is_admin) -- password = 'password'
VALUES ('testuser',
        '$2b$12$AZH7virni5jlTTiGgEg4zu3lSvAw68qVEfSIOjJ3RqtbJbdW/Oi5q',
        'Test',
        'User',
        'jackie@CVNA.com',
        FALSE),
       ('testadmin',
        '$2b$12$AZH7virni5jlTTiGgEg4zu3lSvAw68qVEfSIOjJ3RqtbJbdW/Oi5q',
        'Test',
        'Admin!',
        'jim@CVNA.com',
        TRUE);



INSERT INTO advocate (first_name, last_name, email, hire_date, milestone, current_milestone_start_date, team_lead, manager)
VALUES ('Yvon', 'Allatt', 'yallatt0@CVNA.com', '2019-12-19', 'M4', '2020-04-18','Eileen Fronde', 'Marge Ash'),
('Iain', 'Fochs', 'ifochs1@CVNA.com', '2019-12-30', 'M5', '2020-04-26','Jane Doe', 'Tom Class'),
('Ethan', 'Methley', 'emethley2@CVNA.com', '2019-11-26', 'M1', '2020-01-22','Jane Doe','Marge Ash'),
('Teodor', 'Loghan', 'tloghan3@CVNA.com', '2019-12-19', 'M1', '2020-08-20','Bob Smith','Marge Ash'),
('Wernher', 'Ary', 'wary4@CVNA.com', '2019-12-17', 'M2', '2020-02-07','Bob Smith','Marge Ash'),
('Yvon', 'Greenshields', 'ygreenshields5@CVNA.com', '2019-12-26', 'M1', '2020-06-18','Rod Jones','Tom Class'),
('Caren', 'Duddin', 'cduddin6@CVNA.com', '2019-12-12', 'M3', '2020-06-03','Rod Jones','Tom Class'),
('Mellisent', 'Ovise', 'movise7@CVNA.com', '2019-12-27', 'M1', '2020-04-03','Rod Jones','Tom Class'),
('Mic', 'Kiddey', 'mkiddey8@CVNA.com', '2019-11-30', 'M5', '2020-08-11','Bob Smith','Tom Class'),
('Fredek', 'Cosbee', 'fcosbee9@CVNA.com', '2019-12-21', 'M3', '2020-09-01','Bob Smith','Marge Ash'),
('Leone', 'Nanni', 'lnannia@CVNA.com', '2019-12-12', 'M1', '2020-08-19','Bob Smith','Tom Class'),
('Shirl', 'Yurchenko', 'syurchenkob@CVNA.com', '2019-12-23', 'M1', '2020-09-30','Jane Doe','Tom Class'),
('Sonja', 'Griffe', 'sgriffec@CVNA.com', '2019-12-12', 'M5', '2020-04-01','Bob Smith','Marge Ash'),
('Marsha', 'Chatband', 'mchatbandd@CVNA.com', '2019-12-11', 'M1', '2020-01-25','Rod Jones','Tom Class'),
('Maurise', 'Simoncello', 'msimoncelloe@CVNA.com', '2019-12-14', 'M5', '2020-06-09','Rod Jones','Marge Ash'),
('Silva', 'Machent', 'smachentf@CVNA.com', '2019-12-29', 'M3', '2020-01-11','Bob Smith','Tom Class'),
('Carla', 'Zaniolini', 'czaniolinig@CVNA.com', '2019-12-02', 'M4', '2020-04-12','Jane Doe','Tom Class'),
('Sam', 'Adamovicz', 'sadamoviczh@CVNA.com', '2019-12-25', 'M4', '2020-08-28','Rod Jones','Marge Ash'),
('Amy', 'Isakovitch', 'aisakovitchi@CVNA.com', '2019-12-04', 'M3', '2020-05-08','Rod Jones','Marge Ash'),
('Cristionna', 'Bettridge', 'cbettridgej@CVNA.com', '2019-12-15', 'M1', '2020-06-27','Eileen Fronde','Tom Class'),
('Eddie', 'Harses', 'eharsesk@CVNA.com', '2019-12-23', 'M2', '2020-11-28','Eileen Fronde','Tom Class'),
('Mollee', 'Woodthorpe', 'mwoodthorpel@CVNA.com', '2019-12-24', 'M2', '2020-07-01','Rod Jones','Tom Class'),
('Jenna', 'Wasbrough', 'jwasbroughm@CVNA.com', '2019-12-13', 'M4', '2020-08-12','Bob Smith','Marge Ash'),
('Amabel', 'Stockwell', 'astockwelln@CVNA.com', '2019-12-12', 'M5', '2020-08-20','Bob Smith','Tom Class'),
('Paton', 'Plumb', 'pplumbo@CVNA.com', '2019-12-18', 'M1', '2020-09-10','Rod Jones','Marge Ash');

INSERT INTO skills (name)
VALUES ('DL Only'),
('General'),
('Cash'),
('Plaid'),
('Proof Of Residency'),
('Proof Of ID'),
('Income'),
('Proof Of Employment'),
('Third Party'),
('Pre-Fi'),
('WMU'),
('Complex'),
('Trade'),
('Cash In Advanced'),
('Direct Delivery'),
('Swap'),
('RTA'),
('New York'),
('HR'),
('HRTT'),
('Red Flags'),
('Opp Ops'),
('Insurance'),
('Funds');

INSERT INTO advocate_skills (advocates_id, skill_name)
VALUES (5,'General'),
(2,'DL Only'),
(2,'Opp Ops'),
(4,'Cash'),
(4,'Opp Ops'),
(16,'Plaid'),
(16,'Opp Ops'),
(7,'Proof Of Residency'),
(7,'Opp Ops'),
(3,'Proof Of ID'),
(3,'Opp Ops'),
(12,'Income'),
(12,'Opp Ops'),
(15,'Proof Of Employment'),
(15,'Opp Ops'),
(22,'Trade'),
(22,'Opp Ops'),
(14,'Red Flags'),
(14,'Opp Ops'),
(1,'Opp Ops'),
(1,'General');
